Historical contributors
(in alphabetical order)

Aaron Hinni <aaron@hinnispace.com>
Adam Crabtree <adam.crabtree@redrobotlabs.com>
Andreas Kompanez <kompozer@local>
Ben Atkin <ben@benatkin.com>
Benjamin Dean <bdeam@exacttarget.com>
Charlie McConnell <charlie@charlieistheman.com>
Clint Andrew Hall <clint@clintandrewhall.com>
Cole <cole@projectmastermind.com>
Dan Zajdband <dan.zajdband@gmail.com>
Dominic Rout <d.rout@sheffield.ac.uk>
Duncan Angus Wilkie <duncanwilkie@hotmail.com>
Dylan Vassallo <dylanvassallo@gmail.com>
Eric Martindale <eric@ericmartindale.com>
Eriks Remess <eriks@remess.lv>
Fabio <fat@fatshotty.net>
Farrin Reid <blakmatrix@gmail.com>
François de Metz <francois@2metz.fr>
Hadiyah Mujhid <me@hadiyah.me>
Hristo Dachev <tutini@gmail.com>
Ian Babrou <ibobrik@gmail.com>
James Codes <James.Codes@gmail.com>
Jan Michael Alonzo <jmalonzo@gmail.com>
Jeff Waugh <jdub@bethesignal.org>
Jonathan Griggs <jonathan.griggs@gmail.com>
Junho Kyung <to@firejune.com>
Justin Wagle <jwagle@adobe.com>
Liang-Chi Hsieh <viirya@local>
Matt Secoske <matt@nimblelogic.com>
Mehdi El Fadil <m.ef@mango-is.com>
Michael Heap <m@michaelheap.com>
Nacho Soto <ignaciosoto90@gmail.com>
Peter <peter@waganer.org>
Philip Mateescu <github@philipm.us>
Rick Olson <technoweenie@gmail.com>
Roly Fentanes <roly426@gmail.com>
Ryan W Tenney <ryan@10e.us>
Sam Barbosa <sam.barbosa@ymail.com>
Seiya Konno <seiya@uniba.jp>
Shih-Yung Lee <shiyung@gmail.com>
Tim Cameron Ryan <id@timryan.org>
Tim-Smart <tim@fostle.com>
Won Dong <fkiller@gmail.com>
Yin Shanyang <yang@swarm.is>
